"OrderID","address"
4394,"420 El Cerrito Plaza, El Cerrito, CA"
3751,"6000 Potrero Ave, El Cerrito, CA"
2438,"4814 Broadway, Oakland, CA"
9790,"2310 South Shore Center, Alameda, CA‎"
8591,"1685 Bryant Street, San Francisco, CA"
6953,"199 Mississippi St, San Francisco, CA‎"
6451,"501 Broderick St, San Francisco, CA"
2002,"2419 Chestnut St, San Francisco, CA‎"
3629,"509 Cortland Ave, San Francisco, CA"
4259,"2178 Bush Street, San Francisco, CA‎"
5940,"1200 15th St, San Francisco, CA‎"
8200,"5950 California St, San Francisco, CA‎"
3886,"1301 South California Boulevard, Walnut Creek, CA‎"
3226,"375 Third Street, San Rafael, CA‎"
5612,"701 Strawberry Village, Mill Valley, CA‎"
3090,"772 Stanyan St, San Francisco, CA"
5339,"1825 Salvio Street, Concord, CA‎"
9056,"422 1st St, Benicia, CA"
4023,"44 Serramonte Ctr, Daly City, CA"
3143,"161 Plaza Drive, Vallejo, CA‎"
8918,"1895 Broadway St, Vallejo, CA‎"
5883,"5075 Junipero Serra Boulevard, Colma, CA"
85,"3518 Geary Blvd, San Francisco, CA‎"
6797,"171 Bel Marin Keys Blvd., Novato, CA‎"
1147,"542 Divisadero St, San Francisco, CA"
5654,"670 Chenery St, San Francisco, CA‎"
442,"909 D St, San Rafael, CA"
9648,"2144 Springs Rd, Vallejo, CA"
6846,"102 2nd Ave S, Pleasant Hill, CA‎"
